data_inicio_atividade,uf,quantidade
2015-04-01,AL,1
2015-04-01,AM,1
2015-04-01,AP,2
2015-04-01,BA,7
2015-04-01,CE,4
2015-04-01,DF,4
2015-04-01,ES,3
2015-04-01,GO,4
2015-04-01,MA,1
2015-04-01,MG,10
2015-04-01,MS,2
2015-04-01,MT,3
2015-04-01,PA,5
2015-04-01,PB,1
2015-04-01,PE,2
2015-04-01,PR,4
2015-04-01,RJ,8
2015-04-01,RN,2
2015-04-01,RS,4
2015-04-01,SC,2
2015-04-01,SE,1
2015-04-01,SP,22
2015-04-01,TO,2
2015-05-01,AL,4
2015-05-01,AM,3
2015-05-01,BA,10
2015-05-01,CE,5
2015-05-01,DF,5
2015-05-01,ES,13
2015-05-01,GO,7
2015-05-01,MA,5
2015-05-01,MG,24
2015-05-01,MS,7
2015-05-01,MT,6
2015-05-01,PA,6
2015-05-01,PB,1
2015-05-01,PE,10
2015-05-01,PI,2
2015-05-01,PR,15
2015-05-01,RJ,23
2015-05-01,RN,1
2015-05-01,RO,1
2015-05-01,RS,13
2015-05-01,SC,9
2015-05-01,SP,60
2015-05-01,TO,2
2015-06-01,AC,1
2015-06-01,AL,1
2015-06-01,AM,3
2015-06-01,AP,1
2015-06-01,BA,17
2015-06-01,CE,4
2015-06-01,DF,4
2015-06-01,ES,8
2015-06-01,GO,8
2015-06-01,MA,1
2015-06-01,MG,22
2015-06-01,MS,4
2015-06-01,MT,4
2015-06-01,PA,5
2015-06-01,PB,1
2015-06-01,PE,8
2015-06-01,PI,3
2015-06-01,PR,15
2015-06-01,RJ,34
2015-06-01,RN,7
2015-06-01,RO,1
2015-06-01,RR,1
2015-06-01,RS,15
2015-06-01,SC,10
2015-06-01,SP,56
2015-06-01,TO,1
2015-07-01,AC,1
2015-07-01,AL,2
2015-07-01,AM,5
2015-07-01,BA,12
2015-07-01,CE,7
2015-07-01,DF,3
2015-07-01,ES,12
2015-07-01,GO,10
2015-07-01,MA,1
2015-07-01,MG,33
2015-07-01,MS,2
2015-07-01,MT,6
2015-07-01,PA,4
2015-07-01,PB,2
2015-07-01,PE,8
2015-07-01,PI,2
2015-07-01,PR,20
2015-07-01,RJ,40
2015-07-01,RN,3
2015-07-01,RO,3
2015-07-01,RR,1
2015-07-01,RS,20
2015-07-01,SC,13
2015-07-01,SE,1
2015-07-01,SP,70
2015-08-01,AM,3
2015-08-01,AP,1
2015-08-01,BA,14
2015-08-01,CE,5
2015-08-01,DF,3
2015-08-01,ES,5
2015-08-01,GO,10
2015-08-01,MA,1
2015-08-01,MG,27
2015-08-01,MS,6
2015-08-01,MT,7
2015-08-01,PA,2
2015-08-01,PB,7
2015-08-01,PE,11
2015-08-01,PI,2
2015-08-01,PR,17
2015-08-01,RJ,37
2015-08-01,RN,4
2015-08-01,RO,4
2015-08-01,RR,1
2015-08-01,RS,17
2015-08-01,SC,11
2015-08-01,SE,3
2015-08-01,SP,68
2015-08-01,TO,5
2015-09-01,AL,5
2015-09-01,AM,3
2015-09-01,BA,10
2015-09-01,CE,3
2015-09-01,DF,5
2015-09-01,ES,6
2015-09-01,GO,9
2015-09-01,MA,1
2015-09-01,MG,30
2015-09-01,MS,3
2015-09-01,MT,1
2015-09-01,PA,7
2015-09-01,PE,6
2015-09-01,PI,2
2015-09-01,PR,11
2015-09-01,RJ,40
2015-09-01,RN,2
2015-09-01,RO,3
2015-09-01,RR,1
2015-09-01,RS,12
2015-09-01,SC,10
2015-09-01,SE,1
2015-09-01,SP,53
2015-09-01,TO,1
2015-10-01,AC,1
2015-10-01,AM,1
2015-10-01,AP,1
2015-10-01,BA,6
2015-10-01,CE,7
2015-10-01,DF,7
2015-10-01,ES,13
2015-10-01,GO,6
2015-10-01,MA,3
2015-10-01,MG,22
2015-10-01,MS,3
2015-10-01,MT,4
2015-10-01,PA,3
2015-10-01,PB,2
2015-10-01,PE,1
2015-10-01,PI,1
2015-10-01,PR,19
2015-10-01,RJ,38
2015-10-01,RN,6
2015-10-01,RO,3
2015-10-01,RR,1
2015-10-01,RS,9
2015-10-01,SC,6
2015-10-01,SE,1
2015-10-01,SP,57
2015-10-01,TO,2
2015-11-01,AC,1
2015-11-01,AL,1
2015-11-01,AM,1
2015-11-01,BA,6
2015-11-01,CE,8
2015-11-01,DF,5
2015-11-01,ES,5
2015-11-01,GO,13
2015-11-01,MA,5
2015-11-01,MG,23
2015-11-01,MT,2
2015-11-01,PA,7
2015-11-01,PB,1
2015-11-01,PE,10
2015-11-01,PI,1
2015-11-01,PR,13
2015-11-01,RJ,30
2015-11-01,RN,3
2015-11-01,RO,2
2015-11-01,RS,20
2015-11-01,SC,10
2015-11-01,SE,1
2015-11-01,SP,70
2015-12-01,AL,5
2015-12-01,AM,1
2015-12-01,BA,6
2015-12-01,CE,6
2015-12-01,DF,4
2015-12-01,ES,6
2015-12-01,GO,6
2015-12-01,MA,1
2015-12-01,MG,23
2015-12-01,MS,3
2015-12-01,MT,1
2015-12-01,PA,7
2015-12-01,PB,4
2015-12-01,PE,5
2015-12-01,PI,1
2015-12-01,PR,5
2015-12-01,RJ,24
2015-12-01,RN,3
2015-12-01,RO,1
2015-12-01,RS,10
2015-12-01,SC,3
2015-12-01,SE,1
2015-12-01,SP,48
2015-12-01,TO,4
2016-01-01,AC,1
2016-01-01,AL,2
2016-01-01,AM,1
2016-01-01,BA,12
2016-01-01,CE,6
2016-01-01,DF,6
2016-01-01,ES,9
2016-01-01,GO,9
2016-01-01,MA,1
2016-01-01,MG,31
2016-01-01,MS,2
2016-01-01,MT,5
2016-01-01,PA,4
2016-01-01,PB,1
2016-01-01,PE,8
2016-01-01,PI,1
2016-01-01,PR,12
2016-01-01,RJ,41
2016-01-01,RN,4
2016-01-01,RO,2
2016-01-01,RS,17
2016-01-01,SC,7
2016-01-01,SP,63
2016-01-01,TO,2
2016-02-01,AL,1
2016-02-01,AM,1
2016-02-01,AP,1
2016-02-01,BA,7
2016-02-01,CE,6
2016-02-01,DF,6
2016-02-01,ES,11
2016-02-01,GO,10
2016-02-01,MA,4
2016-02-01,MG,25
2016-02-01,MS,2
2016-02-01,MT,2
2016-02-01,PA,5
2016-02-01,PB,3
2016-02-01,PE,7
2016-02-01,PI,2
2016-02-01,PR,12
2016-02-01,RJ,27
2016-02-01,RN,3
2016-02-01,RO,1
2016-02-01,RS,11
2016-02-01,SC,7
2016-02-01,SP,63
2016-02-01,TO,2
2016-03-01,AC,1
2016-03-01,AL,2
2016-03-01,AM,2
2016-03-01,AP,1
2016-03-01,BA,12
2016-03-01,CE,9
2016-03-01,DF,5
2016-03-01,ES,5
2016-03-01,GO,9
2016-03-01,MA,5
2016-03-01,MG,44
2016-03-01,MS,7
2016-03-01,MT,6
2016-03-01,PA,10
2016-03-01,PB,2
2016-03-01,PE,7
2016-03-01,PI,2
2016-03-01,PR,26
2016-03-01,RJ,39
2016-03-01,RN,2
2016-03-01,RO,2
2016-03-01,RR,1
2016-03-01,RS,16
2016-03-01,SC,14
2016-03-01,SP,78
2016-04-01,AC,1
2016-04-01,AL,5
2016-04-01,AM,4
2016-04-01,AP,1
2016-04-01,BA,8
2016-04-01,CE,8
2016-04-01,DF,4
2016-04-01,ES,4
2016-04-01,GO,6
2016-04-01,MA,1
2016-04-01,MG,28
2016-04-01,MS,3
2016-04-01,MT,6
2016-04-01,PA,3
2016-04-01,PB,1
2016-04-01,PE,10
2016-04-01,PI,2
2016-04-01,PR,17
2016-04-01,RJ,25
2016-04-01,RN,2
2016-04-01,RO,2
2016-04-01,RR,1
2016-04-01,RS,20
2016-04-01,SC,10
2016-04-01,SE,1
2016-04-01,SP,72
2016-04-01,TO,1
2016-05-01,AL,5
2016-05-01,AM,1
2016-05-01,AP,1
2016-05-01,BA,6
2016-05-01,CE,9
2016-05-01,DF,3
2016-05-01,ES,7
2016-05-01,GO,11
2016-05-01,MA,4
2016-05-01,MG,22
2016-05-01,MS,3
2016-05-01,MT,4
2016-05-01,PA,4
2016-05-01,PB,5
2016-05-01,PE,11
2016-05-01,PI,1
2016-05-01,PR,15
2016-05-01,RJ,30
2016-05-01,RN,5
2016-05-01,RO,6
2016-05-01,RS,15
2016-05-01,SC,12
2016-05-01,SP,67
2016-06-01,AL,2
2016-06-01,AM,3
2016-06-01,AP,2
2016-06-01,BA,10
2016-06-01,CE,7
2016-06-01,DF,5
2016-06-01,ES,8
2016-06-01,GO,6
2016-06-01,MA,1
2016-06-01,MG,34
2016-06-01,MS,1
2016-06-01,MT,4
2016-06-01,PA,4
2016-06-01,PB,1
2016-06-01,PE,5
2016-06-01,PI,2
2016-06-01,PR,15
2016-06-01,RJ,47
2016-06-01,RS,13
2016-06-01,SC,10
2016-06-01,SE,1
2016-06-01,SP,58
2016-06-01,TO,3
2016-07-01,AC,1
2016-07-01,AL,7
2016-07-01,AM,2
2016-07-01,BA,10
2016-07-01,CE,11
2016-07-01,DF,3
2016-07-01,ES,8
2016-07-01,GO,4
2016-07-01,MA,2
2016-07-01,MG,25
2016-07-01,MS,3
2016-07-01,MT,7
2016-07-01,PA,2
2016-07-01,PB,4
2016-07-01,PE,5
2016-07-01,PI,2
2016-07-01,PR,11
2016-07-01,RJ,36
2016-07-01,RN,3
2016-07-01,RO,1
2016-07-01,RR,1
2016-07-01,RS,11
2016-07-01,SC,16
2016-07-01,SP,71
2016-07-01,TO,3
2016-08-01,AL,3
2016-08-01,AM,2
2016-08-01,BA,10
2016-08-01,CE,3
2016-08-01,DF,4
2016-08-01,ES,5
2016-08-01,GO,8
2016-08-01,MA,1
2016-08-01,MG,35
2016-08-01,MS,7
2016-08-01,MT,3
2016-08-01,PA,5
2016-08-01,PB,5
2016-08-01,PE,12
2016-08-01,PI,2
2016-08-01,PR,12
2016-08-01,RJ,40
2016-08-01,RN,5
2016-08-01,RR,1
2016-08-01,RS,12
2016-08-01,SC,11
2016-08-01,SE,1
2016-08-01,SP,79
2016-08-01,TO,4
2016-09-01,AC,1
2016-09-01,AL,3
2016-09-01,AM,2
2016-09-01,BA,6
2016-09-01,CE,8
2016-09-01,DF,4
2016-09-01,ES,12
2016-09-01,GO,4
2016-09-01,MA,1
2016-09-01,MG,34
2016-09-01,MS,3
2016-09-01,MT,1
2016-09-01,PA,3
2016-09-01,PB,3
2016-09-01,PE,5
2016-09-01,PI,1
2016-09-01,PR,14
2016-09-01,RJ,41
2016-09-01,RN,4
2016-09-01,RO,2
2016-09-01,RS,15
2016-09-01,SC,17
2016-09-01,SP,68
2016-09-01,TO,1
2016-10-01,AC,1
2016-10-01,AL,1
2016-10-01,AM,2
2016-10-01,BA,13
2016-10-01,CE,7
2016-10-01,DF,4
2016-10-01,ES,10
2016-10-01,GO,7
2016-10-01,MG,27
2016-10-01,MS,4
2016-10-01,MT,4
2016-10-01,PA,9
2016-10-01,PB,3
2016-10-01,PE,9
2016-10-01,PI,1
2016-10-01,PR,14
2016-10-01,RJ,34
2016-10-01,RN,2
2016-10-01,RO,1
2016-10-01,RR,1
2016-10-01,RS,11
2016-10-01,SC,10
2016-10-01,SE,1
2016-10-01,SP,74
2016-10-01,TO,1
2016-11-01,AC,2
2016-11-01,AM,1
2016-11-01,AP,2
2016-11-01,BA,12
2016-11-01,CE,3
2016-11-01,DF,5
2016-11-01,ES,3
2016-11-01,GO,12
2016-11-01,MA,3
2016-11-01,MG,22
2016-11-01,MS,5
2016-11-01,MT,4
2016-11-01,PA,4
2016-11-01,PB,2
2016-11-01,PE,7
2016-11-01,PI,2
2016-11-01,PR,14
2016-11-01,RJ,29
2016-11-01,RN,3
2016-11-01,RO,3
2016-11-01,RS,13
2016-11-01,SC,6
2016-11-01,SE,1
2016-11-01,SP,69
2016-12-01,AL,3
2016-12-01,AM,2
2016-12-01,AP,1
2016-12-01,BA,5
2016-12-01,CE,6
2016-12-01,DF,2
2016-12-01,ES,4
2016-12-01,GO,6
2016-12-01,MA,1
2016-12-01,MG,25
2016-12-01,MS,2
2016-12-01,MT,1
2016-12-01,PA,5
2016-12-01,PB,1
2016-12-01,PE,5
2016-12-01,PI,1
2016-12-01,PR,13
2016-12-01,RJ,23
2016-12-01,RO,2
2016-12-01,RR,1
2016-12-01,RS,9
2016-12-01,SC,6
2016-12-01,SE,1
2016-12-01,SP,53
2016-12-01,TO,6
2017-01-01,AC,2
2017-01-01,AL,2
2017-01-01,AM,3
2017-01-01,AP,1
2017-01-01,BA,8
2017-01-01,CE,6
2017-01-01,DF,6
2017-01-01,ES,3
2017-01-01,GO,16
2017-01-01,MA,3
2017-01-01,MG,40
2017-01-01,MS,6
2017-01-01,MT,5
2017-01-01,PA,4
2017-01-01,PB,5
2017-01-01,PE,9
2017-01-01,PI,7
2017-01-01,PR,18
2017-01-01,RJ,33
2017-01-01,RN,1
2017-01-01,RO,2
2017-01-01,RR,1
2017-01-01,RS,10
2017-01-01,SC,11
2017-01-01,SE,3
2017-01-01,SP,73
2017-01-01,TO,3
2017-02-01,AC,2
2017-02-01,AL,5
2017-02-01,AM,2
2017-02-01,BA,16
2017-02-01,CE,5
2017-02-01,DF,5
2017-02-01,ES,7
2017-02-01,GO,10
2017-02-01,MA,2
2017-02-01,MG,25
2017-02-01,MS,2
2017-02-01,MT,10
2017-02-01,PA,7
2017-02-01,PB,4
2017-02-01,PE,11
2017-02-01,PI,2
2017-02-01,PR,25
2017-02-01,RJ,20
2017-02-01,RN,3
2017-02-01,RO,2
2017-02-01,RS,11
2017-02-01,SC,10
2017-02-01,SE,1
2017-02-01,SP,72
2017-02-01,TO,2
2017-03-01,AC,1
2017-03-01,AL,3
2017-03-01,AM,1
2017-03-01,AP,1
2017-03-01,BA,9
2017-03-01,CE,8
2017-03-01,DF,1
2017-03-01,ES,7
2017-03-01,GO,16
2017-03-01,MA,5
2017-03-01,MG,39
2017-03-01,MS,5
2017-03-01,MT,13
2017-03-01,PA,4
2017-03-01,PB,7
2017-03-01,PE,7
2017-03-01,PI,1
2017-03-01,PR,20
2017-03-01,RJ,42
2017-03-01,RN,4
2017-03-01,RO,1
2017-03-01,RR,2
2017-03-01,RS,19
2017-03-01,SC,11
2017-03-01,SE,2
2017-03-01,SP,82
2017-04-01,AC,1
2017-04-01,AL,2
2017-04-01,AM,1
2017-04-01,BA,10
2017-04-01,CE,4
2017-04-01,DF,3
2017-04-01,ES,10
2017-04-01,GO,9
2017-04-01,MA,1
2017-04-01,MG,35
2017-04-01,MS,6
2017-04-01,MT,4
2017-04-01,PA,6
2017-04-01,PB,3
2017-04-01,PE,9
2017-04-01,PI,3
2017-04-01,PR,16
2017-04-01,RJ,30
2017-04-01,RN,2
2017-04-01,RO,2
2017-04-01,RR,1
2017-04-01,RS,13
2017-04-01,SC,8
2017-04-01,SP,62
2017-05-01,AL,4
2017-05-01,AM,1
2017-05-01,BA,21
2017-05-01,CE,6
2017-05-01,DF,9
2017-05-01,ES,13
2017-05-01,GO,8
2017-05-01,MA,3
2017-05-01,MG,25
2017-05-01,MS,3
2017-05-01,MT,4
2017-05-01,PA,6
2017-05-01,PB,2
2017-05-01,PE,8
2017-05-01,PI,2
2017-05-01,PR,17
2017-05-01,RJ,36
2017-05-01,RN,3
2017-05-01,RS,15
2017-05-01,SC,10
2017-05-01,SE,1
2017-05-01,SP,74
2017-05-01,TO,4
2017-06-01,AL,5
2017-06-01,AM,1
2017-06-01,AP,1
2017-06-01,BA,14
2017-06-01,CE,8
2017-06-01,DF,7
2017-06-01,ES,9
2017-06-01,GO,6
2017-06-01,MA,4
2017-06-01,MG,30
2017-06-01,MS,4
2017-06-01,MT,4
2017-06-01,PA,5
2017-06-01,PB,3
2017-06-01,PE,8
2017-06-01,PI,3
2017-06-01,PR,15
2017-06-01,RJ,34
2017-06-01,RN,3
2017-06-01,RR,1
2017-06-01,RS,15
2017-06-01,SC,11
2017-06-01,SE,2
2017-06-01,SP,65
2017-06-01,TO,5
2017-07-01,AC,2
2017-07-01,AL,1
2017-07-01,AP,1
2017-07-01,BA,10
2017-07-01,CE,9
2017-07-01,DF,3
2017-07-01,ES,9
2017-07-01,GO,9
2017-07-01,MA,5
2017-07-01,MG,39
2017-07-01,MS,3
2017-07-01,MT,5
2017-07-01,PA,4
2017-07-01,PB,5
2017-07-01,PE,19
2017-07-01,PI,1
2017-07-01,PR,26
2017-07-01,RJ,30
2017-07-01,RN,4
2017-07-01,RS,11
2017-07-01,SC,15
2017-07-01,SE,3
2017-07-01,SP,73
2017-07-01,TO,2
2017-08-01,AC,1
2017-08-01,AL,3
2017-08-01,BA,15
2017-08-01,CE,9
2017-08-01,DF,3
2017-08-01,ES,10
2017-08-01,GO,10
2017-08-01,MA,2
2017-08-01,MG,31
2017-08-01,MS,7
2017-08-01,MT,6
2017-08-01,PA,7
2017-08-01,PB,7
2017-08-01,PE,8
2017-08-01,PI,1
2017-08-01,PR,23
2017-08-01,RJ,42
2017-08-01,RN,4
2017-08-01,RO,3
2017-08-01,RS,18
2017-08-01,SC,22
2017-08-01,SE,2
2017-08-01,SP,83
2017-08-01,TO,3
2017-09-01,AL,3
2017-09-01,AM,2
2017-09-01,BA,15
2017-09-01,CE,5
2017-09-01,DF,9
2017-09-01,ES,13
2017-09-01,GO,7
2017-09-01,MA,3
2017-09-01,MG,34
2017-09-01,MS,3
2017-09-01,MT,7
2017-09-01,PA,1
2017-09-01,PB,2
2017-09-01,PE,9
2017-09-01,PI,2
2017-09-01,PR,24
2017-09-01,RJ,34
2017-09-01,RN,4
2017-09-01,RS,13
2017-09-01,SC,12
2017-09-01,SE,2
2017-09-01,SP,86
2017-09-01,TO,1
2017-10-01,AM,2
2017-10-01,AP,1
2017-10-01,BA,13
2017-10-01,CE,5
2017-10-01,DF,5
2017-10-01,ES,4
2017-10-01,GO,9
2017-10-01,MA,3
2017-10-01,MG,32
2017-10-01,MS,1
2017-10-01,MT,4
2017-10-01,PA,5
2017-10-01,PB,2
2017-10-01,PE,7
2017-10-01,PI,3
2017-10-01,PR,17
2017-10-01,RJ,34
2017-10-01,RN,3
2017-10-01,RS,20
2017-10-01,SC,8
2017-10-01,SP,72
2017-10-01,TO,3
2017-11-01,AL,1
2017-11-01,AM,3
2017-11-01,BA,10
2017-11-01,CE,5
2017-11-01,DF,3
2017-11-01,ES,8
2017-11-01,GO,2
2017-11-01,MA,2
2017-11-01,MG,27
2017-11-01,MS,6
2017-11-01,MT,2
2017-11-01,PA,9
2017-11-01,PB,2
2017-11-01,PE,10
2017-11-01,PI,3
2017-11-01,PR,19
2017-11-01,RJ,18
2017-11-01,RN,3
2017-11-01,RO,2
2017-11-01,RS,15
2017-11-01,SC,10
2017-11-01,SE,2
2017-11-01,SP,58
2017-11-01,TO,2
2017-12-01,AL,2
2017-12-01,AM,1
2017-12-01,AP,1
2017-12-01,BA,11
2017-12-01,CE,1
2017-12-01,DF,4
2017-12-01,ES,8
2017-12-01,GO,4
2017-12-01,MA,3
2017-12-01,MG,23
2017-12-01,MS,2
2017-12-01,MT,3
2017-12-01,PA,1
2017-12-01,PB,3
2017-12-01,PE,7
2017-12-01,PI,1
2017-12-01,PR,6
2017-12-01,RJ,27
2017-12-01,RN,2
2017-12-01,RR,1
2017-12-01,RS,15
2017-12-01,SC,9
2017-12-01,SE,1
2017-12-01,SP,47
2017-12-01,TO,1
2018-01-01,AL,4
2018-01-01,AM,5
2018-01-01,BA,17
2018-01-01,CE,12
2018-01-01,DF,5
2018-01-01,ES,11
2018-01-01,GO,11
2018-01-01,MA,1
2018-01-01,MG,33
2018-01-01,MS,8
2018-01-01,MT,7
2018-01-01,PA,11
2018-01-01,PB,5
2018-01-01,PE,12
2018-01-01,PI,6
2018-01-01,PR,18
2018-01-01,RJ,41
2018-01-01,RN,4
2018-01-01,RO,5
2018-01-01,RR,1
2018-01-01,RS,9
2018-01-01,SC,13
2018-01-01,SE,3
2018-01-01,SP,71
2018-01-01,TO,1
2018-02-01,AC,2
2018-02-01,AL,3
2018-02-01,AM,2
2018-02-01,BA,10
2018-02-01,CE,8
2018-02-01,DF,2
2018-02-01,ES,5
2018-02-01,GO,11
2018-02-01,MG,27
2018-02-01,MS,3
2018-02-01,MT,8
2018-02-01,PA,3
2018-02-01,PB,5
2018-02-01,PE,9
2018-02-01,PI,2
2018-02-01,PR,18
2018-02-01,RJ,20
2018-02-01,RN,3
2018-02-01,RO,4
2018-02-01,RR,1
2018-02-01,RS,11
2018-02-01,SC,16
2018-02-01,SP,76
2018-02-01,TO,2
2018-03-01,AL,2
2018-03-01,AM,3
2018-03-01,BA,12
2018-03-01,CE,7
2018-03-01,DF,10
2018-03-01,ES,10
2018-03-01,GO,10
2018-03-01,MA,3
2018-03-01,MG,31
2018-03-01,MS,3
2018-03-01,MT,12
2018-03-01,PA,3
2018-03-01,PB,4
2018-03-01,PE,7
2018-03-01,PI,4
2018-03-01,PR,19
2018-03-01,RJ,40
2018-03-01,RN,7
2018-03-01,RR,2
2018-03-01,RS,20
2018-03-01,SC,13
2018-03-01,SE,2
2018-03-01,SP,87
2018-03-01,TO,2
2018-04-01,AL,1
2018-04-01,AM,6
2018-04-01,AP,1
2018-04-01,BA,22
2018-04-01,CE,9
2018-04-01,DF,5
2018-04-01,ES,7
2018-04-01,GO,9
2018-04-01,MA,2
2018-04-01,MG,45
2018-04-01,MS,5
2018-04-01,MT,7
2018-04-01,PA,4
2018-04-01,PB,2
2018-04-01,PE,11
2018-04-01,PI,1
2018-04-01,PR,19
2018-04-01,RJ,44
2018-04-01,RN,2
2018-04-01,RO,1
2018-04-01,RR,1
2018-04-01,RS,12
2018-04-01,SC,10
2018-04-01,SE,1
2018-04-01,SP,78
2018-04-01,TO,3
2018-05-01,AC,2
2018-05-01,AM,4
2018-05-01,BA,13
2018-05-01,CE,11
2018-05-01,DF,6
2018-05-01,ES,3
2018-05-01,GO,17
2018-05-01,MA,5
2018-05-01,MG,39
2018-05-01,MS,7
2018-05-01,MT,11
2018-05-01,PA,4
2018-05-01,PB,4
2018-05-01,PE,15
2018-05-01,PI,2
2018-05-01,PR,22
2018-05-01,RJ,42
2018-05-01,RN,3
2018-05-01,RO,1
2018-05-01,RR,2
2018-05-01,RS,10
2018-05-01,SC,8
2018-05-01,SE,2
2018-05-01,SP,95
2018-05-01,TO,1
2018-06-01,AL,3
2018-06-01,AM,3
2018-06-01,BA,13
2018-06-01,CE,6
2018-06-01,DF,1
2018-06-01,ES,9
2018-06-01,GO,12
2018-06-01,MA,7
2018-06-01,MG,32
2018-06-01,MS,5
2018-06-01,MT,6
2018-06-01,PA,6
2018-06-01,PB,1
2018-06-01,PE,9
2018-06-01,PI,4
2018-06-01,PR,13
2018-06-01,RJ,31
2018-06-01,RN,8
2018-06-01,RO,1
2018-06-01,RS,15
2018-06-01,SC,9
2018-06-01,SE,4
2018-06-01,SP,78
2018-06-01,TO,2
2018-07-01,AC,1
2018-07-01,AL,5
2018-07-01,AM,5
2018-07-01,AP,1
2018-07-01,BA,19
2018-07-01,CE,9
2018-07-01,DF,2
2018-07-01,ES,4
2018-07-01,GO,9
2018-07-01,MG,49
2018-07-01,MS,7
2018-07-01,MT,6
2018-07-01,PA,3
2018-07-01,PB,4
2018-07-01,PE,10
2018-07-01,PI,3
2018-07-01,PR,15
2018-07-01,RJ,30
2018-07-01,RN,2
2018-07-01,RO,1
2018-07-01,RR,1
2018-07-01,RS,11
2018-07-01,SC,12
2018-07-01,SE,1
2018-07-01,SP,100
2018-08-01,AC,4
2018-08-01,AL,2
2018-08-01,AM,2
2018-08-01,BA,16
2018-08-01,CE,11
2018-08-01,DF,5
2018-08-01,ES,11
2018-08-01,GO,18
2018-08-01,MA,1
2018-08-01,MG,32
2018-08-01,MS,5
2018-08-01,MT,5
2018-08-01,PA,4
2018-08-01,PB,2
2018-08-01,PE,6
2018-08-01,PI,2
2018-08-01,PR,14
2018-08-01,RJ,42
2018-08-01,RN,4
2018-08-01,RO,2
2018-08-01,RR,1
2018-08-01,RS,19
2018-08-01,SC,14
2018-08-01,SE,1
2018-08-01,SP,95
2018-08-01,TO,2
2018-09-01,AM,2
2018-09-01,AP,2
2018-09-01,BA,22
2018-09-01,CE,10
2018-09-01,DF,7
2018-09-01,ES,10
2018-09-01,GO,9
2018-09-01,MA,3
2018-09-01,MG,23
2018-09-01,MS,2
2018-09-01,MT,5
2018-09-01,PA,9
2018-09-01,PB,3
2018-09-01,PE,11
2018-09-01,PI,4
2018-09-01,PR,21
2018-09-01,RJ,42
2018-09-01,RN,2
2018-09-01,RS,13
2018-09-01,SC,15
2018-09-01,SE,3
2018-09-01,SP,83
2018-10-01,AC,1
2018-10-01,AL,1
2018-10-01,AM,4
2018-10-01,BA,17
2018-10-01,CE,13
2018-10-01,DF,5
2018-10-01,ES,8
2018-10-01,GO,8
2018-10-01,MA,2
2018-10-01,MG,36
2018-10-01,MS,4
2018-10-01,MT,5
2018-10-01,PA,10
2018-10-01,PB,5
2018-10-01,PE,6
2018-10-01,PI,2
2018-10-01,PR,14
2018-10-01,RJ,45
2018-10-01,RN,2
2018-10-01,RO,2
2018-10-01,RR,1
2018-10-01,RS,23
2018-10-01,SC,17
2018-10-01,SE,1
2018-10-01,SP,90
2018-10-01,TO,2
2018-11-01,AL,4
2018-11-01,AP,1
2018-11-01,BA,14
2018-11-01,CE,6
2018-11-01,DF,6
2018-11-01,ES,10
2018-11-01,GO,8
2018-11-01,MA,2
2018-11-01,MG,34
2018-11-01,MS,6
2018-11-01,MT,2
2018-11-01,PA,3
2018-11-01,PB,3
2018-11-01,PE,11
2018-11-01,PI,2
2018-11-01,PR,9
2018-11-01,RJ,50
2018-11-01,RN,1
2018-11-01,RO,2
2018-11-01,RS,19
2018-11-01,SC,14
2018-11-01,SE,3
2018-11-01,SP,94
2018-11-01,TO,2
2018-12-01,AC,1
2018-12-01,AL,6
2018-12-01,AM,3
2018-12-01,AP,2
2018-12-01,BA,16
2018-12-01,CE,7
2018-12-01,DF,5
2018-12-01,ES,5
2018-12-01,GO,7
2018-12-01,MA,5
2018-12-01,MG,26
2018-12-01,MS,3
2018-12-01,MT,1
2018-12-01,PA,6
2018-12-01,PB,4
2018-12-01,PE,6
2018-12-01,PR,10
2018-12-01,RJ,28
2018-12-01,RN,2
2018-12-01,RO,1
2018-12-01,RS,9
2018-12-01,SC,10
2018-12-01,SE,2
2018-12-01,SP,50
2018-12-01,TO,1
2019-01-01,AC,2
2019-01-01,AL,3
2019-01-01,AM,5
2019-01-01,BA,15
2019-01-01,CE,13
2019-01-01,DF,6
2019-01-01,ES,7
2019-01-01,GO,13
2019-01-01,MA,1
2019-01-01,MG,39
2019-01-01,MS,5
2019-01-01,MT,10
2019-01-01,PA,4
2019-01-01,PB,9
2019-01-01,PE,10
2019-01-01,PI,1
2019-01-01,PR,17
2019-01-01,RJ,38
2019-01-01,RN,5
2019-01-01,RO,3
2019-01-01,RR,1
2019-01-01,RS,16
2019-01-01,SC,17
2019-01-01,SE,2
2019-01-01,SP,101
2019-01-01,TO,5
2019-02-01,AL,3
2019-02-01,AM,4
2019-02-01,AP,1
2019-02-01,BA,13
2019-02-01,CE,14
2019-02-01,DF,8
2019-02-01,ES,11
2019-02-01,GO,16
2019-02-01,MA,4
2019-02-01,MG,45
2019-02-01,MS,8
2019-02-01,MT,7
2019-02-01,PA,2
2019-02-01,PB,8
2019-02-01,PE,13
2019-02-01,PI,2
2019-02-01,PR,32
2019-02-01,RJ,35
2019-02-01,RN,5
2019-02-01,RO,5
2019-02-01,RS,21
2019-02-01,SC,19
2019-02-01,SE,2
2019-02-01,SP,98
2019-02-01,TO,2
2019-03-01,AC,1
2019-03-01,AL,4
2019-03-01,AM,3
2019-03-01,BA,9
2019-03-01,CE,9
2019-03-01,DF,3
2019-03-01,ES,10
2019-03-01,GO,10
2019-03-01,MA,2
2019-03-01,MG,37
2019-03-01,MS,5
2019-03-01,MT,3
2019-03-01,PA,5
2019-03-01,PB,7
2019-03-01,PE,11
2019-03-01,PI,3
2019-03-01,PR,22
2019-03-01,RJ,40
2019-03-01,RN,9
2019-03-01,RO,2
2019-03-01,RS,21
2019-03-01,SC,13
2019-03-01,SE,1
2019-03-01,SP,105
2019-03-01,TO,1
2019-04-01,AC,1
2019-04-01,AL,5
2019-04-01,AM,6
2019-04-01,BA,13
2019-04-01,CE,9
2019-04-01,DF,3
2019-04-01,ES,10
2019-04-01,GO,16
2019-04-01,MA,5
2019-04-01,MG,43
2019-04-01,MS,7
2019-04-01,MT,9
2019-04-01,PA,5
2019-04-01,PB,1
2019-04-01,PE,10
2019-04-01,PI,2
2019-04-01,PR,24
2019-04-01,RJ,35
2019-04-01,RN,5
2019-04-01,RO,1
2019-04-01,RS,22
2019-04-01,SC,23
2019-04-01,SE,5
2019-04-01,SP,134
2019-04-01,TO,3
2019-05-01,AC,1
2019-05-01,AL,6
2019-05-01,AM,11
2019-05-01,AP,3
2019-05-01,BA,22
2019-05-01,CE,14
2019-05-01,DF,9
2019-05-01,ES,9
2019-05-01,GO,14
2019-05-01,MA,4
2019-05-01,MG,45
2019-05-01,MS,7
2019-05-01,MT,9
2019-05-01,PA,8
2019-05-01,PB,3
2019-05-01,PE,14
2019-05-01,PI,2
2019-05-01,PR,17
2019-05-01,RJ,36
2019-05-01,RN,7
2019-05-01,RO,5
2019-05-01,RR,2
2019-05-01,RS,27
2019-05-01,SC,21
2019-05-01,SE,4
2019-05-01,SP,97
2019-05-01,TO,1
2019-06-01,AC,3
2019-06-01,AL,2
2019-06-01,AM,4
2019-06-01,AP,1
2019-06-01,BA,12
2019-06-01,CE,10
2019-06-01,DF,6
2019-06-01,ES,10
2019-06-01,GO,14
2019-06-01,MA,3
2019-06-01,MG,40
2019-06-01,MS,6
2019-06-01,MT,5
2019-06-01,PA,6
2019-06-01,PB,4
2019-06-01,PE,11
2019-06-01,PI,3
2019-06-01,PR,19
2019-06-01,RJ,52
2019-06-01,RN,7
2019-06-01,RO,5
2019-06-01,RR,1
2019-06-01,RS,22
2019-06-01,SC,11
2019-06-01,SP,113
2019-06-01,TO,3
2019-07-01,AC,1
2019-07-01,AL,3
2019-07-01,AM,6
2019-07-01,BA,27
2019-07-01,CE,8
2019-07-01,DF,6
2019-07-01,ES,12
2019-07-01,GO,16
2019-07-01,MA,5
2019-07-01,MG,38
2019-07-01,MS,3
2019-07-01,MT,8
2019-07-01,PA,9
2019-07-01,PB,8
2019-07-01,PE,11
2019-07-01,PI,3
2019-07-01,PR,20
2019-07-01,RJ,56
2019-07-01,RN,4
2019-07-01,RO,1
2019-07-01,RR,1
2019-07-01,RS,17
2019-07-01,SC,18
2019-07-01,SE,1
2019-07-01,SP,122
2019-07-01,TO,4
2019-08-01,AL,3
2019-08-01,AM,2
2019-08-01,BA,25
2019-08-01,CE,12
2019-08-01,DF,13
2019-08-01,ES,20
2019-08-01,GO,10
2019-08-01,MA,8
2019-08-01,MG,43
2019-08-01,MS,3
2019-08-01,MT,10
2019-08-01,PA,9
2019-08-01,PB,7
2019-08-01,PE,22
2019-08-01,PI,3
2019-08-01,PR,21
2019-08-01,RJ,56
2019-08-01,RN,5
2019-08-01,RS,17
2019-08-01,SC,16
2019-08-01,SE,1
2019-08-01,SP,110
2019-08-01,TO,2
2019-09-01,AL,8
2019-09-01,AM,2
2019-09-01,AP,1
2019-09-01,BA,15
2019-09-01,CE,8
2019-09-01,DF,7
2019-09-01,ES,11
2019-09-01,GO,16
2019-09-01,MA,6
2019-09-01,MG,39
2019-09-01,MS,2
2019-09-01,MT,8
2019-09-01,PA,7
2019-09-01,PB,4
2019-09-01,PE,13
2019-09-01,PI,4
2019-09-01,PR,28
2019-09-01,RJ,50
2019-09-01,RN,5
2019-09-01,RO,1
2019-09-01,RR,1
2019-09-01,RS,15
2019-09-01,SC,15
2019-09-01,SE,2
2019-09-01,SP,120
2019-09-01,TO,1
2019-10-01,AC,1
2019-10-01,AL,1
2019-10-01,AM,7
2019-10-01,BA,23
2019-10-01,CE,10
2019-10-01,DF,7
2019-10-01,ES,8
2019-10-01,GO,18
2019-10-01,MA,1
2019-10-01,MG,47
2019-10-01,MS,9
2019-10-01,MT,9
2019-10-01,PA,5
2019-10-01,PB,7
2019-10-01,PE,15
2019-10-01,PI,2
2019-10-01,PR,23
2019-10-01,RJ,59
2019-10-01,RN,9
2019-10-01,RO,1
2019-10-01,RR,1
2019-10-01,RS,25
2019-10-01,SC,17
2019-10-01,SE,4
2019-10-01,SP,126
2019-10-01,TO,3
2019-11-01,AC,1
2019-11-01,AL,2
2019-11-01,AM,5
2019-11-01,AP,2
2019-11-01,BA,16
2019-11-01,CE,15
2019-11-01,DF,10
2019-11-01,ES,10
2019-11-01,GO,17
2019-11-01,MA,3
2019-11-01,MG,48
2019-11-01,MS,6
2019-11-01,MT,4
2019-11-01,PA,7
2019-11-01,PB,7
2019-11-01,PE,11
2019-11-01,PI,4
2019-11-01,PR,26
2019-11-01,RJ,42
2019-11-01,RN,4
2019-11-01,RO,2
2019-11-01,RS,23
2019-11-01,SC,15
2019-11-01,SE,3
2019-11-01,SP,93
2019-11-01,TO,3
2019-12-01,AC,3
2019-12-01,AL,3
2019-12-01,AM,5
2019-12-01,AP,1
2019-12-01,BA,14
2019-12-01,CE,6
2019-12-01,DF,5
2019-12-01,ES,14
2019-12-01,GO,7
2019-12-01,MA,4
2019-12-01,MG,32
2019-12-01,MS,2
2019-12-01,MT,1
2019-12-01,PA,5
2019-12-01,PB,5
2019-12-01,PE,2
2019-12-01,PR,10
2019-12-01,RJ,25
2019-12-01,RN,2
2019-12-01,RO,1
2019-12-01,RR,2
2019-12-01,RS,20
2019-12-01,SC,14
2019-12-01,SE,2
2019-12-01,SP,81
2020-01-01,AC,2
2020-01-01,AL,5
2020-01-01,AM,3
2020-01-01,BA,24
2020-01-01,CE,10
2020-01-01,DF,11
2020-01-01,ES,13
2020-01-01,GO,9
2020-01-01,MA,12
2020-01-01,MG,49
2020-01-01,MS,7
2020-01-01,MT,9
2020-01-01,PA,14
2020-01-01,PB,9
2020-01-01,PE,11
2020-01-01,PI,4
2020-01-01,PR,25
2020-01-01,RJ,63
2020-01-01,RN,4
2020-01-01,RO,3
2020-01-01,RS,17
2020-01-01,SC,19
2020-01-01,SE,2
2020-01-01,SP,123
2020-01-01,TO,3
2020-02-01,AC,1
2020-02-01,AL,5
2020-02-01,AM,6
2020-02-01,BA,12
2020-02-01,CE,21
2020-02-01,DF,8
2020-02-01,ES,7
2020-02-01,GO,11
2020-02-01,MA,8
2020-02-01,MG,56
2020-02-01,MS,5
2020-02-01,MT,6
2020-02-01,PA,9
2020-02-01,PB,4
2020-02-01,PE,9
2020-02-01,PI,2
2020-02-01,PR,19
2020-02-01,RJ,39
2020-02-01,RN,2
2020-02-01,RO,3
2020-02-01,RS,16
2020-02-01,SC,19
2020-02-01,SE,2
2020-02-01,SP,118
2020-02-01,TO,3
2020-03-01,AC,1
2020-03-01,AL,5
2020-03-01,AM,6
2020-03-01,AP,2
2020-03-01,BA,26
2020-03-01,CE,21
2020-03-01,DF,9
2020-03-01,ES,11
2020-03-01,GO,17
2020-03-01,MA,8
2020-03-01,MG,54
2020-03-01,MS,5
2020-03-01,MT,11
2020-03-01,PA,15
2020-03-01,PB,7
2020-03-01,PE,14
2020-03-01,PI,3
2020-03-01,PR,23
2020-03-01,RJ,67
2020-03-01,RN,6
2020-03-01,RO,4
2020-03-01,RS,29
2020-03-01,SC,18
2020-03-01,SE,5
2020-03-01,SP,127
2020-03-01,TO,3
2020-04-01,AL,3
2020-04-01,AM,3
2020-04-01,AP,1
2020-04-01,BA,13
2020-04-01,CE,5
2020-04-01,DF,6
2020-04-01,ES,10
2020-04-01,GO,15
2020-04-01,MA,2
2020-04-01,MG,39
2020-04-01,MS,3
2020-04-01,MT,5
2020-04-01,PA,6
2020-04-01,PB,5
2020-04-01,PE,10
2020-04-01,PI,3
2020-04-01,PR,17
2020-04-01,RJ,42
2020-04-01,RN,4
2020-04-01,RO,1
2020-04-01,RR,1
2020-04-01,RS,14
2020-04-01,SC,11
2020-04-01,SE,7
2020-04-01,SP,93
2020-04-01,TO,5
2020-05-01,AC,1
2020-05-01,AL,1
2020-05-01,AM,8
2020-05-01,AP,1
2020-05-01,BA,19
2020-05-01,CE,11
2020-05-01,DF,8
2020-05-01,ES,9
2020-05-01,GO,18
2020-05-01,MA,2
2020-05-01,MG,39
2020-05-01,MS,5
2020-05-01,MT,7
2020-05-01,PA,8
2020-05-01,PB,4
2020-05-01,PE,11
2020-05-01,PI,2
2020-05-01,PR,21
2020-05-01,RJ,50
2020-05-01,RN,5
2020-05-01,RO,7
2020-05-01,RS,16
2020-05-01,SC,22
2020-05-01,SE,1
2020-05-01,SP,112
2020-05-01,TO,1
2020-06-01,AC,1
2020-06-01,AL,4
2020-06-01,AM,11
2020-06-01,AP,1
2020-06-01,BA,19
2020-06-01,CE,6
2020-06-01,DF,12
2020-06-01,ES,19
2020-06-01,GO,19
2020-06-01,MA,5
2020-06-01,MG,56
2020-06-01,MS,7
2020-06-01,MT,9
2020-06-01,PA,13
2020-06-01,PB,4
2020-06-01,PE,11
2020-06-01,PI,3
2020-06-01,PR,21
2020-06-01,RJ,84
2020-06-01,RN,7
2020-06-01,RO,2
2020-06-01,RS,25
2020-06-01,SC,14
2020-06-01,SE,4
2020-06-01,SP,149
2020-06-01,TO,5
2020-07-01,AC,1
2020-07-01,AL,3
2020-07-01,AM,11
2020-07-01,AP,3
2020-07-01,BA,17
2020-07-01,CE,15
2020-07-01,DF,15
2020-07-01,ES,17
2020-07-01,GO,14
2020-07-01,MA,10
2020-07-01,MG,57
2020-07-01,MS,9
2020-07-01,MT,12
2020-07-01,PA,14
2020-07-01,PB,9
2020-07-01,PE,27
2020-07-01,PI,2
2020-07-01,PR,29
2020-07-01,RJ,72
2020-07-01,RN,3
2020-07-01,RO,1
2020-07-01,RR,1
2020-07-01,RS,23
2020-07-01,SC,13
2020-07-01,SE,4
2020-07-01,SP,179
2020-07-01,TO,2
2020-08-01,AL,7
2020-08-01,AM,9
2020-08-01,AP,3
2020-08-01,BA,16
2020-08-01,CE,13
2020-08-01,DF,13
2020-08-01,ES,12
2020-08-01,GO,21
2020-08-01,MA,6
2020-08-01,MG,43
2020-08-01,MS,5
2020-08-01,MT,8
2020-08-01,PA,11
2020-08-01,PB,5
2020-08-01,PE,15
2020-08-01,PI,8
2020-08-01,PR,38
2020-08-01,RJ,70
2020-08-01,RN,6
2020-08-01,RO,7
2020-08-01,RR,1
2020-08-01,RS,22
2020-08-01,SC,21
2020-08-01,SE,5
2020-08-01,SP,154
2020-08-01,TO,1
2020-09-01,AC,1
2020-09-01,AL,6
2020-09-01,AM,9
2020-09-01,AP,2
2020-09-01,BA,16
2020-09-01,CE,18
2020-09-01,DF,12
2020-09-01,ES,12
2020-09-01,GO,20
2020-09-01,MA,6
2020-09-01,MG,47
2020-09-01,MS,6
2020-09-01,MT,8
2020-09-01,PA,9
2020-09-01,PB,2
2020-09-01,PE,20
2020-09-01,PI,3
2020-09-01,PR,26
2020-09-01,RJ,63
2020-09-01,RN,4
2020-09-01,RO,3
2020-09-01,RR,1
2020-09-01,RS,33
2020-09-01,SC,15
2020-09-01,SE,6
2020-09-01,SP,142
2020-09-01,TO,4
2020-10-01,AC,1
2020-10-01,AL,8
2020-10-01,AM,8
2020-10-01,BA,15
2020-10-01,CE,17
2020-10-01,DF,9
2020-10-01,ES,18
2020-10-01,GO,21
2020-10-01,MA,5
2020-10-01,MG,47
2020-10-01,MS,7
2020-10-01,MT,7
2020-10-01,PA,15
2020-10-01,PB,4
2020-10-01,PE,20
2020-10-01,PI,5
2020-10-01,PR,24
2020-10-01,RJ,51
2020-10-01,RN,7
2020-10-01,RO,7
2020-10-01,RR,1
2020-10-01,RS,29
2020-10-01,SC,22
2020-10-01,SE,4
2020-10-01,SP,154
2020-10-01,TO,1
2020-11-01,AL,5
2020-11-01,AM,5
2020-11-01,BA,15
2020-11-01,CE,12
2020-11-01,DF,11
2020-11-01,ES,11
2020-11-01,GO,17
2020-11-01,MA,4
2020-11-01,MG,37
2020-11-01,MS,10
2020-11-01,MT,10
2020-11-01,PA,11
2020-11-01,PB,6
2020-11-01,PE,12
2020-11-01,PI,3
2020-11-01,PR,29
2020-11-01,RJ,75
2020-11-01,RN,7
2020-11-01,RO,2
2020-11-01,RR,1
2020-11-01,RS,29
2020-11-01,SC,12
2020-11-01,SE,1
2020-11-01,SP,111
2020-11-01,TO,1
2020-12-01,AL,2
2020-12-01,AM,5
2020-12-01,AP,1
2020-12-01,BA,20
2020-12-01,CE,7
2020-12-01,DF,17
2020-12-01,ES,9
2020-12-01,GO,16
2020-12-01,MA,5
2020-12-01,MG,34
2020-12-01,MS,6
2020-12-01,MT,11
2020-12-01,PA,3
2020-12-01,PB,1
2020-12-01,PE,7
2020-12-01,PI,5
2020-12-01,PR,20
2020-12-01,RJ,52
2020-12-01,RN,3
2020-12-01,RO,5
2020-12-01,RS,25
2020-12-01,SC,15
2020-12-01,SE,8
2020-12-01,SP,103
2020-12-01,TO,3
2021-01-01,AC,1
2021-01-01,AL,6
2021-01-01,AM,12
2021-01-01,AP,4
2021-01-01,BA,29
2021-01-01,CE,16
2021-01-01,DF,7
2021-01-01,ES,23
2021-01-01,GO,25
2021-01-01,MA,4
2021-01-01,MG,71
2021-01-01,MS,7
2021-01-01,MT,12
2021-01-01,PA,11
2021-01-01,PB,6
2021-01-01,PE,29
2021-01-01,PI,6
2021-01-01,PR,33
2021-01-01,RJ,76
2021-01-01,RN,5
2021-01-01,RO,5
2021-01-01,RS,30
2021-01-01,SC,17
2021-01-01,SE,8
2021-01-01,SP,141
2021-01-01,TO,6
2021-02-01,AC,1
2021-02-01,AL,8
2021-02-01,AM,11
2021-02-01,BA,30
2021-02-01,CE,19
2021-02-01,DF,10
2021-02-01,ES,11
2021-02-01,GO,19
2021-02-01,MA,5
2021-02-01,MG,54
2021-02-01,MS,12
2021-02-01,MT,9
2021-02-01,PA,9
2021-02-01,PB,6
2021-02-01,PE,17
2021-02-01,PI,2
2021-02-01,PR,23
2021-02-01,RJ,61
2021-02-01,RN,4
2021-02-01,RO,4
2021-02-01,RR,1
2021-02-01,RS,31
2021-02-01,SC,21
2021-02-01,SE,6
2021-02-01,SP,157
2021-03-01,AC,2
2021-03-01,AL,8
2021-03-01,AM,3
2021-03-01,AP,3
2021-03-01,BA,20
2021-03-01,CE,15
2021-03-01,DF,13
2021-03-01,ES,12
2021-03-01,GO,20
2021-03-01,MA,7
2021-03-01,MG,55
2021-03-01,MS,6
2021-03-01,MT,13
2021-03-01,PA,13
2021-03-01,PB,6
2021-03-01,PE,22
2021-03-01,PI,2
2021-03-01,PR,31
2021-03-01,RJ,83
2021-03-01,RN,6
2021-03-01,RO,5
2021-03-01,RR,1
2021-03-01,RS,29
2021-03-01,SC,18
2021-03-01,SE,8
2021-03-01,SP,144
2021-03-01,TO,4
2021-04-01,AC,1
2021-04-01,AL,5
2021-04-01,AM,11
2021-04-01,AP,2
2021-04-01,BA,21
2021-04-01,CE,17
2021-04-01,DF,4
2021-04-01,ES,6
2021-04-01,GO,14
2021-04-01,MA,8
2021-04-01,MG,63
2021-04-01,MS,6
2021-04-01,MT,9
2021-04-01,PA,15
2021-04-01,PB,5
2021-04-01,PE,26
2021-04-01,PI,5
2021-04-01,PR,27
2021-04-01,RJ,71
2021-04-01,RN,6
2021-04-01,RO,2
2021-04-01,RS,20
2021-04-01,SC,19
2021-04-01,SE,6
2021-04-01,SP,128
2021-04-01,TO,6
2021-05-01,AC,1
2021-05-01,AL,7
2021-05-01,AM,10
2021-05-01,AP,1
2021-05-01,BA,18
2021-05-01,CE,10
2021-05-01,DF,8
2021-05-01,ES,4
2021-05-01,GO,25
2021-05-01,MA,3
2021-05-01,MG,51
2021-05-01,MS,10
2021-05-01,MT,10
2021-05-01,PA,15
2021-05-01,PB,11
2021-05-01,PE,18
2021-05-01,PI,1
2021-05-01,PR,28
2021-05-01,RJ,65
2021-05-01,RN,4
2021-05-01,RO,4
2021-05-01,RS,25
2021-05-01,SC,14
2021-05-01,SE,3
2021-05-01,SP,128
2021-05-01,TO,4
2021-06-01,AC,1
2021-06-01,AL,6
2021-06-01,AM,2
2021-06-01,BA,31
2021-06-01,CE,17
2021-06-01,DF,6
2021-06-01,ES,17
2021-06-01,GO,25
2021-06-01,MA,7
2021-06-01,MG,56
2021-06-01,MS,4
2021-06-01,MT,7
2021-06-01,PA,13
2021-06-01,PB,7
2021-06-01,PE,19
2021-06-01,PI,2
2021-06-01,PR,36
2021-06-01,RJ,63
2021-06-01,RN,1
2021-06-01,RO,2
2021-06-01,RR,2
2021-06-01,RS,15
2021-06-01,SC,22
2021-06-01,SE,4
2021-06-01,SP,138
2021-06-01,TO,3
2021-07-01,AC,2
2021-07-01,AL,1
2021-07-01,AM,5
2021-07-01,BA,26
2021-07-01,CE,16
2021-07-01,DF,5
2021-07-01,ES,7
2021-07-01,GO,22
2021-07-01,MA,6
2021-07-01,MG,70
2021-07-01,MS,9
2021-07-01,MT,5
2021-07-01,PA,12
2021-07-01,PB,8
2021-07-01,PE,21
2021-07-01,PI,7
2021-07-01,PR,35
2021-07-01,RJ,70
2021-07-01,RN,5
2021-07-01,RO,4
2021-07-01,RR,3
2021-07-01,RS,24
2021-07-01,SC,18
2021-07-01,SE,7
2021-07-01,SP,129
2021-07-01,TO,6
2021-08-01,AL,4
2021-08-01,AM,7
2021-08-01,AP,1
2021-08-01,BA,39
2021-08-01,CE,16
2021-08-01,DF,14
2021-08-01,ES,8
2021-08-01,GO,20
2021-08-01,MA,10
2021-08-01,MG,63
2021-08-01,MS,3
2021-08-01,MT,7
2021-08-01,PA,14
2021-08-01,PB,8
2021-08-01,PE,21
2021-08-01,PI,3
2021-08-01,PR,25
2021-08-01,RJ,64
2021-08-01,RN,4
2021-08-01,RO,8
2021-08-01,RR,1
2021-08-01,RS,30
2021-08-01,SC,21
2021-08-01,SE,3
2021-08-01,SP,156
2021-08-01,TO,2
2021-09-01,AL,8
2021-09-01,AM,9
2021-09-01,AP,2
2021-09-01,BA,25
2021-09-01,CE,19
2021-09-01,DF,6
2021-09-01,ES,10
2021-09-01,GO,20
2021-09-01,MA,5
2021-09-01,MG,45
2021-09-01,MS,3
2021-09-01,MT,8
2021-09-01,PA,13
2021-09-01,PB,5
2021-09-01,PE,14
2021-09-01,PI,4
2021-09-01,PR,27
2021-09-01,RJ,62
2021-09-01,RN,7
2021-09-01,RO,2
2021-09-01,RS,19
2021-09-01,SC,20
2021-09-01,SE,2
2021-09-01,SP,116
2021-09-01,TO,3
2021-10-01,AC,1
2021-10-01,AL,4
2021-10-01,AM,6
2021-10-01,AP,1
2021-10-01,BA,18
2021-10-01,CE,15
2021-10-01,DF,8
2021-10-01,ES,10
2021-10-01,GO,16
2021-10-01,MA,8
2021-10-01,MG,57
2021-10-01,MS,11
2021-10-01,MT,9
2021-10-01,PA,6
2021-10-01,PB,5
2021-10-01,PE,20
2021-10-01,PI,4
2021-10-01,PR,24
2021-10-01,RJ,49
2021-10-01,RN,6
2021-10-01,RO,2
2021-10-01,RS,32
2021-10-01,SC,23
2021-10-01,SE,4
2021-10-01,SP,145
2021-10-01,TO,3
2021-11-01,AC,3
2021-11-01,AL,5
2021-11-01,AM,4
2021-11-01,AP,2
2021-11-01,BA,26
2021-11-01,CE,22
2021-11-01,DF,8
2021-11-01,ES,12
2021-11-01,GO,13
2021-11-01,MA,3
2021-11-01,MG,32
2021-11-01,MS,10
2021-11-01,MT,3
2021-11-01,PA,9
2021-11-01,PB,3
2021-11-01,PE,19
2021-11-01,PI,3
2021-11-01,PR,26
2021-11-01,RJ,51
2021-11-01,RN,6
2021-11-01,RO,4
2021-11-01,RR,1
2021-11-01,RS,30
2021-11-01,SC,18
2021-11-01,SE,5
2021-11-01,SP,147
2021-12-01,AL,2
2021-12-01,AM,4
2021-12-01,AP,1
2021-12-01,BA,17
2021-12-01,CE,13
2021-12-01,DF,7
2021-12-01,ES,8
2021-12-01,GO,16
2021-12-01,MA,9
2021-12-01,MG,40
2021-12-01,MS,7
2021-12-01,MT,7
2021-12-01,PA,8
2021-12-01,PB,6
2021-12-01,PE,14
2021-12-01,PI,1
2021-12-01,PR,17
2021-12-01,RJ,44
2021-12-01,RN,6
2021-12-01,RO,4
2021-12-01,RR,1
2021-12-01,RS,12
2021-12-01,SC,14
2021-12-01,SE,1
2021-12-01,SP,90
2021-12-01,TO,3
2022-01-01,AC,1
2022-01-01,AL,4
2022-01-01,AM,2
2022-01-01,AP,1
2022-01-01,BA,23
2022-01-01,CE,14
2022-01-01,DF,11
2022-01-01,ES,8
2022-01-01,GO,16
2022-01-01,MA,5
2022-01-01,MG,40
2022-01-01,MS,2
2022-01-01,MT,6
2022-01-01,PA,9
2022-01-01,PB,6
2022-01-01,PE,13
2022-01-01,PI,3
2022-01-01,PR,26
2022-01-01,RJ,48
2022-01-01,RN,7
2022-01-01,RO,4
2022-01-01,RR,2
2022-01-01,RS,24
2022-01-01,SC,18
2022-01-01,SE,2
2022-01-01,SP,109
2022-01-01,TO,3
2022-02-01,AC,1
2022-02-01,AL,3
2022-02-01,AM,8
2022-02-01,AP,2
2022-02-01,BA,28
2022-02-01,CE,10
2022-02-01,DF,3
2022-02-01,ES,9
2022-02-01,GO,9
2022-02-01,MA,6
2022-02-01,MG,42
2022-02-01,MS,1
2022-02-01,MT,12
2022-02-01,PA,10
2022-02-01,PB,4
2022-02-01,PE,7
2022-02-01,PI,6
2022-02-01,PR,23
2022-02-01,RJ,47
2022-02-01,RN,5
2022-02-01,RO,2
2022-02-01,RS,21
2022-02-01,SC,22
2022-02-01,SE,4
2022-02-01,SP,113
2022-02-01,TO,1
2022-03-01,AC,1
2022-03-01,AL,5
2022-03-01,AM,13
2022-03-01,AP,2
2022-03-01,BA,21
2022-03-01,CE,14
2022-03-01,DF,7
2022-03-01,ES,11
2022-03-01,GO,19
2022-03-01,MA,6
2022-03-01,MG,56
2022-03-01,MS,8
2022-03-01,MT,13
2022-03-01,PA,10
2022-03-01,PB,11
2022-03-01,PE,10
2022-03-01,PI,5
2022-03-01,PR,25
2022-03-01,RJ,50
2022-03-01,RN,6
2022-03-01,RO,3
2022-03-01,RS,20
2022-03-01,SC,21
2022-03-01,SE,4
2022-03-01,SP,109
2022-03-01,TO,1
2022-04-01,AC,3
2022-04-01,AL,4
2022-04-01,AM,5
2022-04-01,AP,1
2022-04-01,BA,25
2022-04-01,CE,15
2022-04-01,DF,8
2022-04-01,ES,11
2022-04-01,GO,15
2022-04-01,MA,7
2022-04-01,MG,45
2022-04-01,MS,9
2022-04-01,MT,15
2022-04-01,PA,13
2022-04-01,PB,1
2022-04-01,PE,11
2022-04-01,PI,6
2022-04-01,PR,32
2022-04-01,RJ,29
2022-04-01,RN,2
2022-04-01,RO,6
2022-04-01,RS,25
2022-04-01,SC,19
2022-04-01,SE,4
2022-04-01,SP,91
2022-04-01,TO,3
2022-05-01,AC,1
2022-05-01,AL,6
2022-05-01,AM,8
2022-05-01,BA,22
2022-05-01,CE,19
2022-05-01,DF,9
2022-05-01,ES,13
2022-05-01,GO,14
2022-05-01,MA,6
2022-05-01,MG,56
2022-05-01,MS,3
2022-05-01,MT,10
2022-05-01,PA,8
2022-05-01,PB,8
2022-05-01,PE,12
2022-05-01,PI,3
2022-05-01,PR,19
2022-05-01,RJ,45
2022-05-01,RN,7
2022-05-01,RO,3
2022-05-01,RR,1
2022-05-01,RS,25
2022-05-01,SC,15
2022-05-01,SE,5
2022-05-01,SP,116
2022-05-01,TO,1
2022-06-01,AL,5
2022-06-01,AM,9
2022-06-01,AP,1
2022-06-01,BA,17
2022-06-01,CE,23
2022-06-01,DF,4
2022-06-01,ES,9
2022-06-01,GO,10
2022-06-01,MA,3
2022-06-01,MG,49
2022-06-01,MS,4
2022-06-01,MT,8
2022-06-01,PA,16
2022-06-01,PB,7
2022-06-01,PE,12
2022-06-01,PI,2
2022-06-01,PR,22
2022-06-01,RJ,51
2022-06-01,RN,3
2022-06-01,RO,2
2022-06-01,RS,27
2022-06-01,SC,19
2022-06-01,SE,4
2022-06-01,SP,142
2022-07-01,AL,3
2022-07-01,AM,3
2022-07-01,BA,19
2022-07-01,CE,12
2022-07-01,DF,13
2022-07-01,ES,8
2022-07-01,GO,14
2022-07-01,MA,8
2022-07-01,MG,46
2022-07-01,MS,5
2022-07-01,MT,4
2022-07-01,PA,7
2022-07-01,PB,8
2022-07-01,PE,15
2022-07-01,PI,5
2022-07-01,PR,26
2022-07-01,RJ,47
2022-07-01,RN,3
2022-07-01,RO,4
2022-07-01,RS,22
2022-07-01,SC,13
2022-07-01,SE,4
2022-07-01,SP,135
2022-07-01,TO,3
2022-08-01,AC,2
2022-08-01,AL,5
2022-08-01,AM,4
2022-08-01,AP,2
2022-08-01,BA,25
2022-08-01,CE,12
2022-08-01,DF,10
2022-08-01,ES,7
2022-08-01,GO,16
2022-08-01,MA,4
2022-08-01,MG,37
2022-08-01,MS,7
2022-08-01,MT,12
2022-08-01,PA,11
2022-08-01,PB,4
2022-08-01,PE,13
2022-08-01,PI,1
2022-08-01,PR,24
2022-08-01,RJ,36
2022-08-01,RN,8
2022-08-01,RO,5
2022-08-01,RR,1
2022-08-01,RS,35
2022-08-01,SC,17
2022-08-01,SE,3
2022-08-01,SP,122
2022-09-01,AC,1
2022-09-01,AL,1
2022-09-01,AM,4
2022-09-01,AP,1
2022-09-01,BA,19
2022-09-01,CE,22
2022-09-01,DF,6
2022-09-01,ES,10
2022-09-01,GO,15
2022-09-01,MA,6
2022-09-01,MG,43
2022-09-01,MS,6
2022-09-01,MT,8
2022-09-01,PA,9
2022-09-01,PB,7
2022-09-01,PE,14
2022-09-01,PI,3
2022-09-01,PR,26
2022-09-01,RJ,27
2022-09-01,RN,5
2022-09-01,RO,1
2022-09-01,RR,2
2022-09-01,RS,18
2022-09-01,SC,16
2022-09-01,SE,3
2022-09-01,SP,108
2022-09-01,TO,6
2022-10-01,AC,1
2022-10-01,AL,5
2022-10-01,AM,5
2022-10-01,AP,1
2022-10-01,BA,16
2022-10-01,CE,19
2022-10-01,DF,8
2022-10-01,ES,12
2022-10-01,GO,11
2022-10-01,MA,7
2022-10-01,MG,37
2022-10-01,MS,9
2022-10-01,MT,5
2022-10-01,PA,8
2022-10-01,PB,5
2022-10-01,PE,11
2022-10-01,PI,6
2022-10-01,PR,24
2022-10-01,RJ,29
2022-10-01,RN,6
2022-10-01,RO,3
2022-10-01,RR,2
2022-10-01,RS,17
2022-10-01,SC,21
2022-10-01,SE,1
2022-10-01,SP,86
2022-10-01,TO,1
2022-11-01,AL,3
2022-11-01,AM,9
2022-11-01,BA,18
2022-11-01,CE,10
2022-11-01,DF,4
2022-11-01,ES,4
2022-11-01,GO,12
2022-11-01,MG,44
2022-11-01,MS,1
2022-11-01,MT,3
2022-11-01,PA,6
2022-11-01,PB,1
2022-11-01,PE,12
2022-11-01,PI,3
2022-11-01,PR,19
2022-11-01,RJ,25
2022-11-01,RN,4
2022-11-01,RR,4
2022-11-01,RS,18
2022-11-01,SC,16
2022-11-01,SE,2
2022-11-01,SP,72
2022-12-01,AC,2
2022-12-01,AL,1
2022-12-01,BA,12
2022-12-01,CE,11
2022-12-01,DF,5
2022-12-01,ES,7
2022-12-01,GO,12
2022-12-01,MA,5
2022-12-01,MG,18
2022-12-01,MS,1
2022-12-01,MT,4
2022-12-01,PA,7
2022-12-01,PB,5
2022-12-01,PE,12
2022-12-01,PI,2
2022-12-01,PR,21
2022-12-01,RJ,17
2022-12-01,RN,6
2022-12-01,RO,1
2022-12-01,RS,11
2022-12-01,SC,10
2022-12-01,SP,51
2022-12-01,TO,3
2023-01-01,AC,2
2023-01-01,AL,6
2023-01-01,AM,3
2023-01-01,AP,1
2023-01-01,BA,15
2023-01-01,CE,12
2023-01-01,DF,8
2023-01-01,ES,9
2023-01-01,GO,11
2023-01-01,MA,1
2023-01-01,MG,49
2023-01-01,MS,5
2023-01-01,MT,7
2023-01-01,PA,5
2023-01-01,PB,5
2023-01-01,PE,11
2023-01-01,PI,2
2023-01-01,PR,27
2023-01-01,RJ,42
2023-01-01,RN,6
2023-01-01,RO,3
2023-01-01,RR,1
2023-01-01,RS,20
2023-01-01,SC,18
2023-01-01,SE,2
2023-01-01,SP,92
2023-01-01,TO,3
2023-02-01,AL,5
2023-02-01,AM,6
2023-02-01,AP,2
2023-02-01,BA,20
2023-02-01,CE,16
2023-02-01,DF,11
2023-02-01,ES,11
2023-02-01,GO,8
2023-02-01,MA,4
2023-02-01,MG,40
2023-02-01,MS,4
2023-02-01,MT,7
2023-02-01,PA,16
2023-02-01,PB,3
2023-02-01,PE,10
2023-02-01,PI,4
2023-02-01,PR,17
2023-02-01,RJ,34
2023-02-01,RN,4
2023-02-01,RO,2
2023-02-01,RS,17
2023-02-01,SC,20
2023-02-01,SE,1
2023-02-01,SP,80
2023-02-01,TO,2
2023-03-01,AC,2
2023-03-01,AL,5
2023-03-01,AM,1
2023-03-01,AP,1
2023-03-01,BA,23
2023-03-01,CE,19
2023-03-01,DF,6
2023-03-01,ES,10
2023-03-01,GO,22
2023-03-01,MA,7
2023-03-01,MG,52
2023-03-01,MS,6
2023-03-01,MT,10
2023-03-01,PA,13
2023-03-01,PB,4
2023-03-01,PE,10
2023-03-01,PI,4
2023-03-01,PR,19
2023-03-01,RJ,49
2023-03-01,RN,6
2023-03-01,RO,4
2023-03-01,RR,1
2023-03-01,RS,30
2023-03-01,SC,28
2023-03-01,SE,1
2023-03-01,SP,97
2023-03-01,TO,2
2023-04-01,AL,4
2023-04-01,AM,3
2023-04-01,BA,11
2023-04-01,CE,14
2023-04-01,DF,5
2023-04-01,ES,4
2023-04-01,GO,12
2023-04-01,MA,7
2023-04-01,MG,41
2023-04-01,MS,4
2023-04-01,MT,8
2023-04-01,PA,14
2023-04-01,PB,3
2023-04-01,PE,15
2023-04-01,PR,24
2023-04-01,RJ,34
2023-04-01,RN,4
2023-04-01,RR,1
2023-04-01,RS,14
2023-04-01,SC,13
2023-04-01,SP,97
2023-04-01,TO,3
2023-05-01,AL,4
2023-05-01,AM,6
2023-05-01,AP,2
2023-05-01,BA,15
2023-05-01,CE,9
2023-05-01,DF,8
2023-05-01,ES,7
2023-05-01,GO,23
2023-05-01,MA,4
2023-05-01,MG,31
2023-05-01,MS,4
2023-05-01,MT,9
2023-05-01,PA,12
2023-05-01,PB,6
2023-05-01,PE,6
2023-05-01,PI,3
2023-05-01,PR,29
2023-05-01,RJ,54
2023-05-01,RN,7
2023-05-01,RO,2
2023-05-01,RR,1
2023-05-01,RS,27
2023-05-01,SC,26
2023-05-01,SE,1
2023-05-01,SP,108
2023-05-01,TO,3
2023-06-01,AL,3
2023-06-01,AM,7
2023-06-01,AP,1
2023-06-01,BA,26
2023-06-01,CE,10
2023-06-01,DF,6
2023-06-01,ES,5
2023-06-01,GO,15
2023-06-01,MA,6
2023-06-01,MG,42
2023-06-01,MS,4
2023-06-01,MT,10
2023-06-01,PA,10
2023-06-01,PB,9
2023-06-01,PE,8
2023-06-01,PI,6
2023-06-01,PR,23
2023-06-01,RJ,43
2023-06-01,RN,3
2023-06-01,RO,2
2023-06-01,RS,20
2023-06-01,SC,18
2023-06-01,SE,1
2023-06-01,SP,102
2023-06-01,TO,2
2023-07-01,AL,3
2023-07-01,AM,7
2023-07-01,AP,1
2023-07-01,BA,24
2023-07-01,CE,19
2023-07-01,DF,10
2023-07-01,ES,7
2023-07-01,GO,17
2023-07-01,MA,4
2023-07-01,MG,35
2023-07-01,MS,5
2023-07-01,MT,4
2023-07-01,PA,8
2023-07-01,PB,2
2023-07-01,PE,8
2023-07-01,PI,4
2023-07-01,PR,34
2023-07-01,RJ,44
2023-07-01,RN,3
2023-07-01,RO,4
2023-07-01,RR,1
2023-07-01,RS,20
2023-07-01,SC,26
2023-07-01,SE,1
2023-07-01,SP,114
2023-07-01,TO,3
2023-08-01,AC,2
2023-08-01,AL,6
2023-08-01,AM,9
2023-08-01,AP,4
2023-08-01,BA,24
2023-08-01,CE,9
2023-08-01,DF,3
2023-08-01,ES,10
2023-08-01,GO,23
2023-08-01,MA,5
2023-08-01,MG,43
2023-08-01,MS,3
2023-08-01,MT,5
2023-08-01,PA,5
2023-08-01,PB,5
2023-08-01,PE,9
2023-08-01,PI,3
2023-08-01,PR,27
2023-08-01,RJ,55
2023-08-01,RN,7
2023-08-01,RO,3
2023-08-01,RS,23
2023-08-01,SC,18
2023-08-01,SE,3
2023-08-01,SP,116
2023-08-01,TO,1
2023-09-01,AL,2
2023-09-01,AM,12
2023-09-01,AP,1
2023-09-01,BA,17
2023-09-01,CE,11
2023-09-01,DF,5
2023-09-01,ES,8
2023-09-01,GO,14
2023-09-01,MA,3
2023-09-01,MG,43
2023-09-01,MS,9
2023-09-01,MT,10
2023-09-01,PA,9
2023-09-01,PB,3
2023-09-01,PE,12
2023-09-01,PI,4
2023-09-01,PR,24
2023-09-01,RJ,39
2023-09-01,RN,3
2023-09-01,RO,5
2023-09-01,RR,1
2023-09-01,RS,21
2023-09-01,SC,20
2023-09-01,SE,3
2023-09-01,SP,101
2023-09-01,TO,1
2023-10-01,AC,3
2023-10-01,AL,5
2023-10-01,AM,9
2023-10-01,AP,1
2023-10-01,BA,20
2023-10-01,CE,13
2023-10-01,DF,4
2023-10-01,ES,8
2023-10-01,GO,24
2023-10-01,MA,3
2023-10-01,MG,47
2023-10-01,MS,3
2023-10-01,MT,8
2023-10-01,PA,7
2023-10-01,PB,6
2023-10-01,PE,7
2023-10-01,PI,3
2023-10-01,PR,24
2023-10-01,RJ,28
2023-10-01,RN,6
2023-10-01,RO,2
2023-10-01,RR,3
2023-10-01,RS,28
2023-10-01,SC,18
2023-10-01,SE,2
2023-10-01,SP,112
2023-11-01,AL,5
2023-11-01,AM,4
2023-11-01,AP,1
2023-11-01,BA,11
2023-11-01,CE,10
2023-11-01,DF,6
2023-11-01,ES,4
2023-11-01,GO,13
2023-11-01,MA,4
2023-11-01,MG,35
2023-11-01,MS,4
2023-11-01,MT,9
2023-11-01,PA,7
2023-11-01,PB,4
2023-11-01,PE,11
2023-11-01,PI,5
2023-11-01,PR,12
2023-11-01,RJ,37
2023-11-01,RN,4
2023-11-01,RO,1
2023-11-01,RS,17
2023-11-01,SC,18
2023-11-01,SE,1
2023-11-01,SP,106
2023-11-01,TO,4
2023-12-01,AC,2
2023-12-01,AL,1
2023-12-01,AM,5
2023-12-01,AP,1
2023-12-01,BA,8
2023-12-01,CE,9
2023-12-01,DF,2
2023-12-01,ES,10
2023-12-01,GO,10
2023-12-01,MA,5
2023-12-01,MG,33
2023-12-01,MS,1
2023-12-01,MT,2
2023-12-01,PA,4
2023-12-01,PB,4
2023-12-01,PE,6
2023-12-01,PI,2
2023-12-01,PR,7
2023-12-01,RJ,27
2023-12-01,RN,6
2023-12-01,RO,2
2023-12-01,RR,1
2023-12-01,RS,10
2023-12-01,SC,12
2023-12-01,SE,1
2023-12-01,SP,61
2023-12-01,TO,1
2024-01-01,AL,3
2024-01-01,AM,6
2024-01-01,BA,15
2024-01-01,CE,10
2024-01-01,DF,6
2024-01-01,ES,15
2024-01-01,GO,19
2024-01-01,MA,8
2024-01-01,MG,54
2024-01-01,MS,2
2024-01-01,MT,11
2024-01-01,PA,9
2024-01-01,PB,3
2024-01-01,PE,11
2024-01-01,PI,4
2024-01-01,PR,32
2024-01-01,RJ,48
2024-01-01,RN,2
2024-01-01,RO,3
2024-01-01,RR,1
2024-01-01,RS,16
2024-01-01,SC,22
2024-01-01,SE,3
2024-01-01,SP,107
2024-01-01,TO,1
2024-02-01,AL,4
2024-02-01,AM,5
2024-02-01,AP,2
2024-02-01,BA,16
2024-02-01,CE,9
2024-02-01,DF,10
2024-02-01,ES,5
2024-02-01,GO,19
2024-02-01,MA,2
2024-02-01,MG,39
2024-02-01,MS,10
2024-02-01,MT,7
2024-02-01,PA,8
2024-02-01,PB,7
2024-02-01,PE,8
2024-02-01,PI,2
2024-02-01,PR,34
2024-02-01,RJ,39
2024-02-01,RN,4
2024-02-01,RO,1
2024-02-01,RR,1
2024-02-01,RS,18
2024-02-01,SC,22
2024-02-01,SP,120
2024-02-01,TO,3
2024-03-01,AC,1
2024-03-01,AL,2
2024-03-01,AM,3
2024-03-01,BA,25
2024-03-01,CE,16
2024-03-01,DF,1
2024-03-01,ES,12
2024-03-01,GO,15
2024-03-01,MA,4
2024-03-01,MG,43
2024-03-01,MS,5
2024-03-01,MT,9
2024-03-01,PA,9
2024-03-01,PB,4
2024-03-01,PE,7
2024-03-01,PI,4
2024-03-01,PR,23
2024-03-01,RJ,42
2024-03-01,RN,5
2024-03-01,RR,1
2024-03-01,RS,13
2024-03-01,SC,21
2024-03-01,SE,2
2024-03-01,SP,134
2024-03-01,TO,2
2024-04-01,AC,3
2024-04-01,AL,4
2024-04-01,AM,8
2024-04-01,AP,2
2024-04-01,BA,24
2024-04-01,CE,16
2024-04-01,DF,6
2024-04-01,ES,9
2024-04-01,GO,16
2024-04-01,MA,9
2024-04-01,MG,44
2024-04-01,MS,3
2024-04-01,MT,14
2024-04-01,PA,9
2024-04-01,PB,5
2024-04-01,PE,14
2024-04-01,PI,13
2024-04-01,PR,29
2024-04-01,RJ,51
2024-04-01,RN,7
2024-04-01,RO,2
2024-04-01,RR,2
2024-04-01,RS,14
2024-04-01,SC,14
2024-04-01,SE,1
2024-04-01,SP,119
2024-04-01,TO,5
2024-05-01,AL,6
2024-05-01,AM,5
2024-05-01,AP,2
2024-05-01,BA,19
2024-05-01,CE,20
2024-05-01,DF,9
2024-05-01,ES,6
2024-05-01,GO,20
2024-05-01,MA,4
2024-05-01,MG,47
2024-05-01,MS,6
2024-05-01,MT,12
2024-05-01,PA,13
2024-05-01,PB,6
2024-05-01,PE,13
2024-05-01,PI,2
2024-05-01,PR,31
2024-05-01,RJ,45
2024-05-01,RN,5
2024-05-01,RO,6
2024-05-01,RR,1
2024-05-01,RS,13
2024-05-01,SC,17
2024-05-01,SE,1
2024-05-01,SP,130
2024-05-01,TO,3
2024-06-01,AC,1
2024-06-01,AL,5
2024-06-01,AM,6
2024-06-01,BA,11
2024-06-01,CE,11
2024-06-01,DF,8
2024-06-01,ES,5
2024-06-01,GO,15
2024-06-01,MA,6
2024-06-01,MG,36
2024-06-01,MS,3
2024-06-01,MT,7
2024-06-01,PA,13
2024-06-01,PB,3
2024-06-01,PE,7
2024-06-01,PI,4
2024-06-01,PR,24
2024-06-01,RJ,47
2024-06-01,RN,6
2024-06-01,RO,4
2024-06-01,RR,1
2024-06-01,RS,14
2024-06-01,SC,21
2024-06-01,SE,3
2024-06-01,SP,108
2024-06-01,TO,4
2024-07-01,AC,2
2024-07-01,AL,6
2024-07-01,AM,8
2024-07-01,BA,17
2024-07-01,CE,16
2024-07-01,DF,6
2024-07-01,ES,12
2024-07-01,GO,14
2024-07-01,MA,5
2024-07-01,MG,41
2024-07-01,MS,10
2024-07-01,MT,10
2024-07-01,PA,11
2024-07-01,PB,7
2024-07-01,PE,18
2024-07-01,PI,4
2024-07-01,PR,16
2024-07-01,RJ,38
2024-07-01,RN,5
2024-07-01,RO,2
2024-07-01,RR,2
2024-07-01,RS,22
2024-07-01,SC,15
2024-07-01,SE,5
2024-07-01,SP,125
2024-07-01,TO,4
2024-08-01,AC,3
2024-08-01,AL,6
2024-08-01,AM,7
2024-08-01,BA,17
2024-08-01,CE,9
2024-08-01,DF,7
2024-08-01,ES,11
2024-08-01,GO,13
2024-08-01,MA,2
2024-08-01,MG,47
2024-08-01,MS,1
2024-08-01,MT,18
2024-08-01,PA,9
2024-08-01,PB,9
2024-08-01,PE,10
2024-08-01,PI,3
2024-08-01,PR,27
2024-08-01,RJ,41
2024-08-01,RN,4
2024-08-01,RO,3
2024-08-01,RR,2
2024-08-01,RS,24
2024-08-01,SC,21
2024-08-01,SE,3
2024-08-01,SP,118
2024-08-01,TO,1
2024-09-01,AL,4
2024-09-01,AM,2
2024-09-01,BA,16
2024-09-01,CE,10
2024-09-01,DF,2
2024-09-01,ES,10
2024-09-01,GO,21
2024-09-01,MA,5
2024-09-01,MG,37
2024-09-01,MS,7
2024-09-01,MT,13
2024-09-01,PA,10
2024-09-01,PB,10
2024-09-01,PE,9
2024-09-01,PI,5
2024-09-01,PR,29
2024-09-01,RJ,53
2024-09-01,RN,5
2024-09-01,RO,1
2024-09-01,RS,26
2024-09-01,SC,19
2024-09-01,SE,2
2024-09-01,SP,102
2024-09-01,TO,2
2024-10-01,AL,3
2024-10-01,AM,4
2024-10-01,AP,2
2024-10-01,BA,19
2024-10-01,CE,13
2024-10-01,DF,10
2024-10-01,ES,8
2024-10-01,GO,17
2024-10-01,MA,3
2024-10-01,MG,50
2024-10-01,MS,5
2024-10-01,MT,9
2024-10-01,PA,3
2024-10-01,PB,6
2024-10-01,PE,17
2024-10-01,PI,2
2024-10-01,PR,31
2024-10-01,RJ,43
2024-10-01,RN,6
2024-10-01,RO,1
2024-10-01,RS,28
2024-10-01,SC,17
2024-10-01,SE,3
2024-10-01,SP,117
2024-10-01,TO,4
2024-11-01,AC,2
2024-11-01,AL,3
2024-11-01,AM,3
2024-11-01,BA,23
2024-11-01,CE,7
2024-11-01,DF,6
2024-11-01,ES,9
2024-11-01,GO,15
2024-11-01,MA,5
2024-11-01,MG,25
2024-11-01,MS,7
2024-11-01,MT,7
2024-11-01,PA,8
2024-11-01,PB,6
2024-11-01,PE,15
2024-11-01,PI,3
2024-11-01,PR,29
2024-11-01,RJ,56
2024-11-01,RN,4
2024-11-01,RS,13
2024-11-01,SC,17
2024-11-01,SE,5
2024-11-01,SP,99
2024-11-01,TO,6
2024-12-01,AC,1
2024-12-01,AL,2
2024-12-01,AM,2
2024-12-01,BA,19
2024-12-01,CE,11
2024-12-01,DF,5
2024-12-01,ES,4
2024-12-01,GO,12
2024-12-01,MA,2
2024-12-01,MG,30
2024-12-01,MS,6
2024-12-01,MT,6
2024-12-01,PA,3
2024-12-01,PB,4
2024-12-01,PE,9
2024-12-01,PI,3
2024-12-01,PR,16
2024-12-01,RJ,39
2024-12-01,RN,1
2024-12-01,RO,1
2024-12-01,RR,1
2024-12-01,RS,18
2024-12-01,SC,13
2024-12-01,SE,4
2024-12-01,SP,61
2025-01-01,AC,4
2025-01-01,AL,4
2025-01-01,AM,11
2025-01-01,AP,1
2025-01-01,BA,22
2025-01-01,CE,22
2025-01-01,DF,5
2025-01-01,ES,13
2025-01-01,GO,22
2025-01-01,MA,12
2025-01-01,MG,53
2025-01-01,MS,5
2025-01-01,MT,23
2025-01-01,PA,14
2025-01-01,PB,8
2025-01-01,PE,18
2025-01-01,PI,9
2025-01-01,PR,34
2025-01-01,RJ,81
2025-01-01,RN,8
2025-01-01,RO,6
2025-01-01,RR,1
2025-01-01,RS,31
2025-01-01,SC,30
2025-01-01,SE,1
2025-01-01,SP,121
2025-01-01,TO,5
2025-02-01,AC,2
2025-02-01,AL,3
2025-02-01,AM,3
2025-02-01,AP,1
2025-02-01,BA,28
2025-02-01,CE,26
2025-02-01,DF,6
2025-02-01,ES,14
2025-02-01,GO,22
2025-02-01,MA,10
2025-02-01,MG,55
2025-02-01,MS,4
2025-02-01,MT,8
2025-02-01,PA,13
2025-02-01,PB,6
2025-02-01,PE,18
2025-02-01,PI,5
2025-02-01,PR,29
2025-02-01,RJ,60
2025-02-01,RN,2
2025-02-01,RO,4
2025-02-01,RS,19
2025-02-01,SC,22
2025-02-01,SE,1
2025-02-01,SP,117
2025-02-01,TO,6
2025-03-01,AL,3
2025-03-01,AM,4
2025-03-01,AP,1
2025-03-01,BA,15
2025-03-01,CE,6
2025-03-01,DF,13
2025-03-01,ES,10
2025-03-01,EX,1
2025-03-01,GO,18
2025-03-01,MA,2
2025-03-01,MG,49
2025-03-01,MS,7
2025-03-01,MT,8
2025-03-01,PA,8
2025-03-01,PB,4
2025-03-01,PE,8
2025-03-01,PI,4
2025-03-01,PR,26
2025-03-01,RJ,56
2025-03-01,RN,4
2025-03-01,RO,6
2025-03-01,RS,19
2025-03-01,SC,30
2025-03-01,SE,5
2025-03-01,SP,129
2025-03-01,TO,1
2025-04-01,AM,2
2025-04-01,BA,12
2025-04-01,CE,9
2025-04-01,DF,5
2025-04-01,ES,7
2025-04-01,GO,11
2025-04-01,MG,31
2025-04-01,MS,2
2025-04-01,MT,3
2025-04-01,PA,7
2025-04-01,PB,5
2025-04-01,PE,4
2025-04-01,PI,1
2025-04-01,PR,14
2025-04-01,RJ,14
2025-04-01,RN,2
2025-04-01,RO,1
2025-04-01,RS,8
2025-04-01,SC,15
2025-04-01,SE,2
2025-04-01,SP,56
2025-04-01,TO,1
